0.0,0.0
0.11002995040292628,0.01
0.207704647692884,0.02
0.2941898340109141,0.03
0.37054541035147703,0.04
0.43773495268551366,0.05
0.49663437466548205,0.060000000000000005
0.5480398133971596,0.07
0.5926748079094941,0.08
0.6311968337143735,0.09
0.6642032511678306,0.09999999999999999
0.692236720172822,0.10999999999999999
0.7157901290557067,0.11999999999999998
0.7353110811623922,0.12999999999999998
0.7512059788179978,0.13999999999999999
0.7638437407414228,0.15
0.7735591857720411,0.16
0.78065611282138,0.17
0.7854101042820958,0.18000000000000002
0.7880710776862008,0.19000000000000003
0.788865608182807,0.20000000000000004
0.7879990423830289,0.21000000000000005
0.7856574222783036,0.22000000000000006
0.7820092362620016,0.23000000000000007
0.7772070127580194,0.24000000000000007
0.7713887705706267,0.25000000000000006
0.7646793388049167,0.26000000000000006
0.7571915580556271,0.2700000000000001
0.7490273735137112,0.2800000000000001
0.7402788296855884,0.2900000000000001
0.7310289755510838,0.3000000000000001
0.7213526881949996,0.3100000000000001
0.7113174222270944,0.3200000000000001
0.7009838916495941,0.3300000000000001
0.6904066902344769,0.34000000000000014
0.6796348559293649,0.35000000000000014
0.6687123843161495,0.36000000000000015
0.6576786956960993,0.37000000000000016
0.6465690599651794,0.38000000000000017
0.635414983070038,0.3900000000000002
0.6242445584952868,0.4000000000000002
0.6130827869233358,0.4100000000000002
0.6019518669263884,0.4200000000000002
0.5908714592938,0.4300000000000002
0.579858927364576,0.4400000000000002
0.5689295555222676,0.45000000000000023
0.5580967478160717,0.46000000000000024
0.5473722084958044,0.47000000000000025
0.5367661060880854,0.48000000000000026
0.5262872224950942,0.49000000000000027
0.5159430884643759,0.5000000000000002
0.5057401066571958,0.5100000000000002
0.49568366343280673,0.5200000000000002
0.48577823036573453,0.5300000000000002
0.4760274564219081,0.5400000000000003
0.4664342516363691,0.5500000000000003
0.45700086305965076,0.5600000000000003
0.44772894367105065,0.5700000000000003
0.4386196148943327,0.5800000000000003
0.4296735232943221,0.5900000000000003
0.4208908919809036,0.6000000000000003
0.41227156719963737,0.6100000000000003
0.4038150605451504,0.6200000000000003
0.3955205871942686,0.6300000000000003
0.38738710052017233,0.6400000000000003
0.37941332341637857,0.6500000000000004
0.37159777662978505,0.6600000000000004
0.36393880437509474,0.6700000000000004
0.3564345974784394,0.6800000000000004
0.3490832142757143,0.6900000000000004
0.3418825994708338,0.7000000000000004
0.33483060114063734,0.7100000000000004
0.3279249860563489,0.7200000000000004
0.3211634534761814,0.7300000000000004
0.31454364754973635,0.7400000000000004
0.3080631684621608,0.7500000000000004
0.30171958243447483,0.7600000000000005
0.2955104306859678,0.7700000000000005
0.28943323745499516,0.7800000000000005
0.28348551716579634,0.7900000000000005
0.27766478082102625,0.8000000000000005
0.27196854169247997,0.8100000000000005
0.2663943203759203,0.8200000000000005
0.2609396492699431,0.8300000000000005
0.2556020765333738,0.8400000000000005
0.2503791695707395,0.8500000000000005
0.24526851809085387,0.8600000000000005
0.24026773677945346,0.8700000000000006
0.23537446762309117,0.8800000000000006
0.23058638191809808,0.8900000000000006
0.2259011819953348,0.9000000000000006
0.22131660268864164,0.9100000000000006
0.216830412572339,0.9200000000000006
0.21244041499080143,0.9300000000000006
0.20814444890101136,0.9400000000000006
0.2039403895470713,0.9500000000000006
0.19982614898390094,0.9600000000000006
0.1957996764657503,0.9700000000000006
0.19185895871371078,0.9800000000000006
0.1880020200750853,0.9900000000000007
0.18422692258627943,1.0000000000000007
0.1805317659497843,1.0100000000000007
0.17691468743482885,1.0200000000000007
0.1733738617103772,1.0300000000000007
0.1699075006183258,1.0400000000000007
0.16651385289400983,1.0500000000000007
0.16319120384044858,1.0600000000000007
0.15993787496214526,1.0700000000000007
0.15675222356369414,1.0800000000000007
0.15363264231794072,1.0900000000000007
0.15057755880797646,1.1000000000000008
0.14758543504683053,1.1100000000000008
0.14465476697833826,1.1200000000000008
0.14178408396232042,1.1300000000000008
0.138971948246891,1.1400000000000008
0.13621695443042703,1.1500000000000008
0.13351772891547364,1.1600000000000008
0.130872929356622,1.1700000000000008
0.12828124410418476,1.1800000000000008
0.1257413916452997,1.1900000000000008
0.12325212004391621,1.2000000000000008
0.120812206380961,1.2100000000000009
0.1184204561958341,1.2200000000000009
0.11607570293025608,1.2300000000000009
0.11377680737536916,1.2400000000000009
0.11152265712288767,1.2500000000000009
0.10931216602099635,1.260000000000001
0.10714427363560737,1.270000000000001
0.10501794471750833,1.280000000000001
0.10293216867586108,1.290000000000001
0.10088595905844748,1.300000000000001
0.09887835303899979,1.310000000000001
0.09690841091190071,1.320000000000001
0.09497521559449117,1.330000000000001
0.0930778721371813,1.340000000000001
0.09121550724152208,1.350000000000001
0.08938726878636048,1.360000000000001
0.08759232536217067,1.370000000000001
0.085829865813626,1.380000000000001
0.08409909879045213,1.390000000000001
0.08239925230657939,1.400000000000001
0.08072957330759349,1.410000000000001
0.07908932724646565,1.420000000000001
0.07747779766752838,1.430000000000001
0.07589428579864915,1.440000000000001
0.07433811015154244,1.450000000000001
0.07280860613014989,1.460000000000001
0.07130512564700923,1.470000000000001
0.06982703674752455,1.480000000000001
0.06837372324204348,1.490000000000001
0.06694458434564093,1.500000000000001
0.065539034325504,1.5100000000000011
0.06415650215580795,1.5200000000000011
0.06279643117997039,1.5300000000000011
0.0614582787801666,1.5400000000000011
0.06014151605398793,1.5500000000000012
0.05884562749812205,1.5600000000000012
0.05757011069893342,1.5700000000000012
0.05631447602982072,1.5800000000000012
0.05507824635522764,1.5900000000000012
0.05386095674118311,1.6000000000000012
0.05266215417224683,1.6100000000000012
0.05148139727473671,1.6200000000000012
0.05031825604611471,1.6300000000000012
0.04917231159040875,1.6400000000000012
0.04804315585954909,1.6500000000000012
0.04693039140049838,1.6600000000000013
0.04583363110805635,1.6700000000000013
0.044752497983220674,1.6800000000000013
0.04368662489698759,1.6900000000000013
0.0426356543594769,1.7000000000000013
0.041599238294267885,1.7100000000000013
0.04057703781783406,1.7200000000000013
0.03956872302396652,1.7300000000000013
0.038573972773077385,1.7400000000000013
0.03759247448627651,1.7500000000000013
0.03662392394411656,1.7600000000000013
0.03566802508990327,1.7700000000000014
0.03472448983746975,1.7800000000000014
0.033793037883315155,1.7900000000000014
0.03287339652301039,1.8000000000000014
0.03196530047177501,1.8100000000000014
0.031068491689131453,1.8200000000000014
0.030182719207544652,1.8300000000000014
0.02930773896495679,1.8400000000000014
0.028443313641128867,1.8500000000000014
0.027589212497702555,1.8600000000000014
0.026745211221897533,1.8700000000000014
0.02591109177376139,1.8800000000000014
0.025086642236890774,1.8900000000000015
0.024271656672544398,1.9000000000000015
0.02346593497706998,1.9100000000000015
0.022669282742569106,1.9200000000000015
0.021881511120725484,1.9300000000000015
0.021102436689723784,1.9400000000000015
0.020331881324187825,1.9500000000000015
0.019569672068068485,1.9600000000000015
0.018815641010413154,1.9700000000000015
0.018069625163950234,1.9800000000000015
0.017331466346423526,1.9900000000000015
0.01660101106461294,2.0000000000000013
0.015878110400979247,2.010000000000001
0.015162619902872218,2.020000000000001
0.014454399474242647,2.0300000000000007
0.01375331326980027,2.0400000000000005
0.013059229591560872,2.0500000000000003
0.012372020787727128,2.06
0.011691563153849106,2.07
0.011017736836211477,2.0799999999999996
0.010350425737395792,2.0899999999999994
0.009689517423967363,2.099999999999999
0.009034903036237421,2.109999999999999
0.008386477200052412,2.1199999999999988
0.007744137940563366,2.1299999999999986
0.007107786597929431,2.1399999999999983
0.006477327744910665,2.149999999999998
0.005852669106306282,2.159999999999998
0.005233721480195544,2.1699999999999977
0.004620398660939512,2.1799999999999975
0.004012617363902819,2.1899999999999973
0.003410297151855623,2.199999999999997
0.0028133603630168063,2.209999999999997
0.002221732040700407,2.2199999999999966
0.0016353398645281843,2.2299999999999964
0.001054114083172055,2.239999999999996
0.00047798744859103154,2.249999999999996
-9.310484827190519e-05,2.259999999999996
-0.0006592252403667246,2.2699999999999956
-0.0012204338460200049,2.2799999999999954
-0.0017767885290574902,2.289999999999995
-0.0023283449575969496,2.299999999999995
-0.002875156661541997,2.3099999999999947
-0.0034172750888068044,2.3199999999999945
-0.00395474966030093,2.3299999999999943
-0.004487627823702801,2.339999999999994
-0.005015955106049698,2.349999999999994
-0.005539775165171437,2.3599999999999937
-0.0060591298399943,2.3699999999999934
-0.006574059199741135,2.3799999999999932
-0.007084601592052924,2.389999999999993
-0.007590793690056522,2.399999999999993
-0.008092670538402678,2.4099999999999926
-0.00859026559829789,2.4199999999999924
-0.009083610791553063,2.429999999999992
-0.009572736543671415,2.439999999999992
-0.01005767182599751,2.4499999999999917
-0.010538444196948833,2.4599999999999915
-0.011015079842350733,2.4699999999999913
-0.011487603614895139,2.479999999999991
-0.011956039072742924,2.489999999999991
-0.012420408517289318,2.4999999999999907
-0.01288073303011133,2.5099999999999905
-0.01333703250911568,2.5199999999999902
-0.013789325703905292,2.52999999999999
-0.014237630250381949,2.53999999999999
-0.01468196270460236,2.5499999999999896
-0.015122338575904384,2.5599999999999894
-0.015558772359319828,2.569999999999989
-0.015991277567289817,2.579999999999989
-0.016419866760698346,2.5899999999999888
-0.016844551579239246,2.5999999999999885
-0.017265342771131467,2.6099999999999883
-0.01768225022219718,2.619999999999988
-0.018095282984316893,2.629999999999988
-0.01850444930327538,2.6399999999999877
-0.018909756646011983,2.6499999999999875
-0.0193112117272884,2.6599999999999873
-0.019708820535786886,2.669999999999987
-0.020102588359651376,2.679999999999987
-0.020492519811483825,2.6899999999999866
-0.020878618852807704,2.6999999999999864
-0.021260888818010325,2.709999999999986
-0.021639332437775397,2.719999999999986
-0.022013951862016934,2.7299999999999858
-0.022384748682325387,2.7399999999999856
-0.02275172395393656,2.7499999999999853
-0.023114878217233674,2.759999999999985
-0.02347421151879267,2.769999999999985
-0.023829723431980594,2.7799999999999847
-0.024181413077116676,2.7899999999999845
-0.024529279141205517,2.7999999999999843
-0.024873319897251472,2.809999999999984
-0.02521353322316325,2.819999999999984
-0.025549916620257386,2.8299999999999836
-0.02588246723136913,2.8399999999999834
-0.0262111818585791,2.849999999999983
-0.026536056980563685,2.859999999999983
-0.02685708876957727,2.869999999999983
-0.027174273108073906,2.8799999999999826
-0.02748760560497596,2.8899999999999824
-0.02779708161159718,2.899999999999982
-0.028102696237227276,2.909999999999982
-0.028404444364385065,2.9199999999999817
-0.028702320663747016,2.9299999999999815
-0.02899631960875787,2.9399999999999813
-0.02928643548992984,2.949999999999981
-0.029572662428836757,2.959999999999981
-0.02985499439180938,2.9699999999999807
-0.030133425203337887,2.9799999999999804
-0.030407948559187548,2.9899999999999802
-0.030678558039233226,2.99999999999998
-0.030945247120018428,3.00999999999998
-0.031208009187044385,3.0199999999999796
-0.0314668375467945,3.0299999999999794
-0.03172172543849945,3.039999999999979
-0.03197266604564794,3.049999999999979
-0.032219652507248266,3.0599999999999787
-0.03246267792884545,3.0699999999999785
-0.03270173539329864,3.0799999999999783
-0.03293681797132359,3.089999999999978
-0.033167918731804566,3.099999999999978
-0.03339503075188022,3.1099999999999777
-0.03361814712680767,3.1199999999999775
-0.03383726097960909,3.1299999999999772
-0.034052365470504775,3.139999999999977
-0.03426345380613683,3.149999999999977
-0.034470519248587336,3.1599999999999766
-0.03467355512419481,3.1699999999999764
-0.03487255483217273,3.179999999999976
-0.03506751185303373,3.189999999999976
-0.03525841975682304,3.1999999999999758
-0.035445272211164634,3.2099999999999755
-0.03562806298912349,3.2199999999999753
-0.035806785976887294,3.229999999999975
-0.0359814351812707,3.239999999999975
-0.0361520047370455,3.2499999999999747
-0.03631848891409963,3.2599999999999745
-0.036480882124428016,3.2699999999999743
-0.03663917892895833,3.279999999999974
-0.036793374044214414,3.289999999999974
-0.03694346234882017,3.2999999999999736
-0.0370894388898467,3.3099999999999734
-0.037231298889005386,3.319999999999973
-0.037369037748689424,3.329999999999973
-0.037502651057866467,3.3399999999999728
-0.03763213459782479,3.3499999999999726
-0.037757484347775434,3.3599999999999723
-0.03787869649031276,3.369999999999972
-0.03799576741673558,3.379999999999972
-0.038108693732231344,3.3899999999999717
-0.038217472260925395,3.3999999999999715
-0.038322100050797614,3.4099999999999713
-0.038422574378468424,3.419999999999971
-0.0385188927538564,3.429999999999971
-0.03861105292470929,3.4399999999999706
-0.038699052881010595,3.4499999999999704
-0.03878289085926359,3.45999999999997
-0.03886256534665459,3.46999999999997
-0.0389380750850974,3.47999999999997
-0.03900941907516071,3.4899999999999696
-0.03907659657988024,3.4999999999999694
-0.03913960712845727,3.509999999999969
-0.039198450519845295,3.519999999999969
-0.03925312682622647,3.5299999999999687
-0.039303636396379425,3.5399999999999685
-0.03934997985894004,3.5499999999999683
-0.03939215812555668,3.559999999999968
-0.039430172393941504,3.569999999999968
-0.039464024150819135,3.5799999999999677
-0.039493715174774374,3.5899999999999674
-0.039519247539000185,3.5999999999999672
-0.03954062361394739,3.609999999999967
-0.03955784606987747,3.619999999999967
-0.03957091787931973,3.6299999999999666
-0.039579842319434184,3.6399999999999664
-0.039584622974281405,3.649999999999966
-0.039585263737000546,3.659999999999966
-0.03958176881189685,3.6699999999999657
-0.03957414271643975,3.6799999999999655
-0.03956239028317274,3.6899999999999653
-0.039546516661536246,3.699999999999965
-0.039526527319604536,3.709999999999965
-0.03950242804573778,3.7199999999999647
-0.03947422495015039,3.7299999999999645
-0.03944192446639664,3.7399999999999642
-0.03940553335277467,3.749999999999964
-0.039365058693649826,3.759999999999964
-0.03932050790069838,3.7699999999999636
-0.03927188871407262,3.7799999999999634
-0.0392192092034882,3.789999999999963
-0.039162477769234844,3.799999999999963
-0.039101703143111115,3.8099999999999627
-0.03903689438928439,3.8199999999999625
-0.03896806090507681,3.8299999999999623
-0.03889521242167805,3.839999999999962
-0.038818359004785884,3.849999999999962
-0.03873751105517533,3.8599999999999617
-0.03865267930919727,3.8699999999999615
-0.03856387483920718,3.8799999999999613
-0.038471109053925125,3.889999999999961
-0.03837439369872741,3.899999999999961
-0.038273740855871,3.9099999999999606
-0.03816916294465129,3.9199999999999604
-0.038060672721494056,3.92999999999996
-0.037948283279982314,3.93999999999996
-0.037832008050818836,3.9499999999999598
-0.037711860801725006,3.9599999999999596
-0.0375878556372768,3.9699999999999593
-0.03746000699867854,3.979999999999959
-0.037328329663475136,3.989999999999959
-0.03719283874520347,3.9999999999999587
-0.03705354969298364,4.009999999999959
-0.03691047829105075,4.019999999999959
-0.03676364065822778,4.0299999999999585
-0.036613053247340314,4.039999999999958
-0.03645873284457375,4.049999999999958
-0.036300696568773556,4.059999999999958
-0.03613896187068921,4.069999999999958
-0.03597354653216254,4.079999999999957
-0.03580446866526092,4.089999999999957
-0.035631746711356105,4.099999999999957
-0.03545539944014907,4.109999999999957
-0.0352754459486417,4.119999999999957
-0.035091905660055725,4.129999999999956
-0.034904798322699535,4.139999999999956
-0.034714144008783504,4.149999999999956
-0.03451996311318427,4.159999999999956
-0.03432227635215867,4.1699999999999555
-0.034121104762007776,4.179999999999955
-0.03391646969769163,4.189999999999955
-0.033708392831395234,4.199999999999955
-0.03349689615104626,4.209999999999955
-0.033282001958785154,4.2199999999999545
-0.03306373286938806,4.229999999999954
-0.03284211180864306,4.239999999999954
-0.03261716201168041,4.249999999999954
-0.03238890702125711,4.259999999999954
-0.03215737068599644,4.269999999999953
-0.03192257715858298,4.279999999999953
-0.03168455089391351,4.289999999999953
-0.03144331664720443,4.299999999999953
-0.03119889947205611,4.3099999999999525
-0.03095132471847474,4.319999999999952
-0.030700618030852087,4.329999999999952
-0.03044680534590376,4.339999999999952
-0.030189912890566384,4.349999999999952
-0.029929967179854206,4.3599999999999515
-0.029666995014675655,4.369999999999951
-0.02940102347961026,4.379999999999951
-0.029132079940646472,4.389999999999951
-0.028860192042880865,4.399999999999951
-0.028585387708179134,4.40999999999995
-0.028307695132799453,4.41999999999995
-0.02802714278497859,4.42999999999995
-0.027743759402481298,4.43999999999995
-0.02745757399011341,4.4499999999999496
-0.02716861581719917,4.459999999999949
-0.026876914415023188,4.469999999999949
-0.026582499574237545,4.479999999999949
-0.026285401342234484,4.489999999999949
-0.025985650020485144,4.4999999999999485
-0.02568327616184482,4.509999999999948
-0.025378310567825198,4.519999999999948
-0.025070784285834,4.529999999999948
-0.024760728606382554,4.539999999999948
-0.024448175060261656,4.549999999999947
-0.024133155415686294,4.559999999999947
-0.02381570167540958,4.569999999999947
-0.023495846073806406,4.579999999999947
-0.023173621073927262,4.589999999999947
-0.02284905936452266,4.599999999999946
-0.02252219385703862,4.609999999999946
-0.022193057682583686,4.619999999999946
-0.02186168418886787,4.629999999999946
-0.02152810693711404,4.6399999999999455
-0.02119235969894217,4.649999999999945
-0.02085447645322684,4.659999999999945
-0.02051449138292858,4.669999999999945
-0.02017243887189935,4.679999999999945
-0.019828353501662666,4.689999999999944
-0.019482270048168885,4.699999999999944
-0.019134223478525943,4.709999999999944
-0.01878424894770614,4.719999999999944
-0.01843238179522931,4.729999999999944
-0.018078657541822918,4.739999999999943
-0.017723111886059403,4.749999999999943
-0.017365780700971344,4.759999999999943
-0.017006700030644785,4.769999999999943
-0.01664590608679123,4.7799999999999425
-0.01628343524529873,4.789999999999942
-0.015919324042762487,4.799999999999942
-0.015553609172995427,4.809999999999942
-0.015186327483519214,4.819999999999942
-0.0148175159720361,4.8299999999999415
-0.014447211782882089,4.839999999999941
-0.014075452203461817,4.849999999999941
-0.013702274660665646,4.859999999999941
-0.013327716717269353,4.869999999999941
-0.012951816068316899,4.87999999999994
-0.012574610537486696,4.88999999999994
-0.01219613807344181,4.89999999999994
-0.011816436746164564,4.90999999999994
-0.011435544743275947,4.9199999999999395
-0.011053500366340306,4.929999999999939
-0.010670342027155721,4.939999999999939
-0.010286108244030534,4.949999999999939
-0.009900837638046459,4.959999999999939
-0.009514568929308704,4.9699999999999385
-0.009127340933183561,4.979999999999938
-0.008739192556523891,4.989999999999938
-0.008350162793882935,4.999999999999938
-0.007960290723716908,5.009999999999938
-0.007569615504576796,5.019999999999937
-0.00717817637128981,5.029999999999937
-0.0067860126311309115,5.039999999999937
-0.006393163659984869,5.049999999999937
-0.00599966889849927,5.0599999999999365
-0.005605567848228923,5.069999999999936
-0.005210900067772094,5.079999999999936
-0.004815705168898997,5.089999999999936
-0.004420022812673002,5.099999999999936
-0.004023892705564957,5.1099999999999355
-0.0036273545955610924,5.119999999999935
-0.0032304482682649176,5.129999999999935
-0.0028332135429935605,5.139999999999935
-0.0024356902688689695,5.149999999999935
-0.0020379183209044173,5.159999999999934
-0.0016399375960867348,5.169999999999934
-0.001241788009454712,5.179999999999934
-0.0008435094901740873,5.189999999999934
-0.00044514197760956716,5.199999999999934
-4.672541739429313e-05,5.209999999999933
0.00035170024250280504,5.219999999999933
0.0007500950557113459,5.229999999999933
0.001148419081395095,5.239999999999933
0.0015466323881883981,5.2499999999999325
0.0019446950581330225,5.259999999999932
0.00234256719061498,5.269999999999932
0.0027402089063009085,5.279999999999932
0.00313758035107359,5.289999999999932
0.0035346416999661725,5.299999999999931
0.003931353161094688,5.309999999999931
0.004327674979588432,5.319999999999931
0.0047235674415177925,5.329999999999931
0.005118990877819097,5.339999999999931
0.005513905668216082,5.34999999999993
0.0059082722451375335,5.35999999999993
0.00630205109763072,5.36999999999993
0.006695202775270161,5.37999999999993
0.0070876878920613584,5.3899999999999295
0.007479467130339038,5.399999999999929
0.00787050124465952,5.409999999999929
0.008260751065686784,5.419999999999929
0.008650177504071831,5.429999999999929
0.00903874155432494,5.4399999999999284
0.009426404298680375,5.449999999999928
0.00981312691095319,5.459999999999928
0.010198870660387679,5.469999999999928
0.010583596915497097,5.479999999999928
0.010967267147894234,5.489999999999927
0.011349842936112443,5.499999999999927
0.011731285969416725,5.509999999999927
0.012111558051604467,5.519999999999927
0.012490621104795454,5.5299999999999265
0.01286843717321072,5.539999999999926
0.013244968426939896,5.549999999999926
0.013620177165696612,5.559999999999926
0.0139940258225616,5.569999999999926
0.014366476967713088,5.5799999999999255
0.014737493312144091,5.589999999999925
0.01510703771136625,5.599999999999925
0.015475073169099783,5.609999999999925
0.015841562840949203,5.619999999999925
0.01620647003806441,5.629999999999924
0.01656975823078677,5.639999999999924
0.01693139105227981,5.649999999999924
0.01729133230214417,5.659999999999924
0.01764954595001641,5.6699999999999235
0.018005996139151294,5.679999999999923
0.01836064718998725,5.689999999999923
0.018713463603694525,5.699999999999923
0.019064410065705792,5.709999999999923
0.01941345144922872,5.7199999999999225
0.01976055281874027,5.729999999999922
0.02010567943346226,5.739999999999922
0.020448796750817896,5.749999999999922
0.02078987042986887,5.759999999999922
0.02112886633473274,5.769999999999921
0.021465750537980152,5.779999999999921
0.021800489324011622,5.789999999999921
0.022133049192413514,5.799999999999921
0.022463396861292867,5.809999999999921
0.02279149927059071,5.81999999999992
0.02311732358537355,5.82999999999992
0.023440837199102706,5.83999999999992
0.023762007736881113,5.84999999999992
0.024080803058677297,5.8599999999999195
0.024397191262526183,5.869999999999919
0.0247111406877064,5.879999999999919
0.025022619917893767,5.889999999999919
0.025331597784290647,5.899999999999919
0.025638043368730812,5.909999999999918
0.02594192600675955,5.919999999999918
0.02624321529068865,5.929999999999918
0.026541881072626027,5.939999999999918
0.026837893467479564,5.949999999999918
0.02713122285593499,5.959999999999917
0.027421839887407398,5.969999999999917
0.02770971548296614,5.979999999999917
0.027994820838232785,5.989999999999917
0.0282771274262519,5.9999999999999165
0.02855660700033425,6.009999999999916
0.028833231596872243,6.019999999999916
0.029106973538127273,6.029999999999916
0.029377805434988663,6.039999999999916
0.02964570018970399,6.0499999999999154
0.02991063099858045,6.059999999999915
0.030172571354657035,6.069999999999915
0.030431495050347198,6.079999999999915
0.030687376180051795,6.089999999999915
0.030940189142742013,6.099999999999914
0.03118990864451201,6.109999999999914
0.031436509701101,6.119999999999914
0.0316799676403846,6.129999999999914
0.03192025810483508,6.1399999999999135
0.032157357053950314,6.149999999999913
0.03239124076665123,6.159999999999913
0.03262188584364744,6.169999999999913
0.03284926920977085,6.179999999999913
0.03307336811627701,6.1899999999999125
0.03329416014311397,6.199999999999912
0.033511623201158386,6.209999999999912
0.03372573553441872,6.219999999999912
0.0339364757222052,6.229999999999912
0.034143822681266436,6.239999999999911
0.03434775566789237,6.249999999999911
0.03454825427998343,6.259999999999911
0.03474529845908568,6.269999999999911
0.03493886849239162,6.2799999999999105
0.03512894501470665,6.28999999999991
0.03531550901038084,6.29999999999991
0.03549854181520582,6.30999999999991
0.03567802511827673,6.31999999999991
0.03585394096381883,6.3299999999999095
0.036026271752978796,6.339999999999909
0.03619500024558038,6.349999999999909
0.036360109561844316,6.359999999999909
0.03652158318407225,6.369999999999909
0.03667940495829463,6.379999999999908
0.036833559095882235,6.389999999999908
0.036984030175121294,6.399999999999908
0.037130803142752036,6.409999999999908
0.037273863315470404,6.419999999999908
0.03741319638139293,6.429999999999907
0.037548788401484484,6.439999999999907
0.03768062581094892,6.449999999999907
0.037808695420582246,6.459999999999907
0.0379329844180884,6.4699999999999065
0.038053480369357386,6.479999999999906
0.03817017121970566,6.489999999999906
0.03828304529507866,6.499999999999906
0.03839209130321531,6.509999999999906
0.038497298334774464,6.519999999999905
0.03859865586442306,6.529999999999905
0.038696153751885995,6.539999999999905
0.03878978224295751,6.549999999999905
0.038879531970474085,6.559999999999905
0.03896539395524863,6.569999999999904
0.039047359606965995,6.579999999999904
0.039125420725039585,6.589999999999904
0.03919956949942912,6.599999999999904
0.03926979851141938,6.6099999999999035
0.03933610073435983,6.619999999999903
0.039398469534365134,6.629999999999903
0.03945689867097644,6.639999999999903
0.03951138229778336,6.649999999999903
0.03956191496300658,6.659999999999902
0.039608491610041104,6.669999999999902
0.039651107577959956,6.679999999999902
0.03968975860197844,6.689999999999902
0.039724440813878756,6.699999999999902
0.03975515074239505,6.709999999999901
0.03978188531355879,6.719999999999901
0.03980464185100448,6.729999999999901
0.03982341807623558,6.739999999999901
0.0398382121088508,6.7499999999999005
0.03984902246673051,6.7599999999999
0.03985584806618343,6.7699999999999
0.03985868822205346,6.7799999999999
0.03985754264778676,6.7899999999999
0.03985241145545891,6.7999999999998995
0.039843295155762355,6.809999999999899
0.039830194657953934,6.819999999999899
0.03981311126976263,6.829999999999899
0.039792046697257444,6.839999999999899
0.039767003044675585,6.849999999999898
0.039737982814210746,6.859999999999898
0.03970498890576167,6.869999999999898
0.03966802461664101,6.879999999999898
0.03962709364124441,6.8899999999998975
0.039582200070679904,6.899999999999897
0.03953334839235779,6.909999999999897
0.03948054348954071,6.919999999999897
0.03942379064085435,6.929999999999897
0.039363095519758494,6.9399999999998965
0.039298464193978706,6.949999999999896
0.03922990312489858,6.959999999999896
0.03915741916691263,6.969999999999896
0.03908101956673992,6.979999999999896
0.039000711962698505,6.989999999999895
0.03891650438394069,6.999999999999895
0.03882840524964924,7.009999999999895
0.03873642336819465,7.019999999999895
0.038640567936253443,7.0299999999998946
0.03854084853788774,7.039999999999894
0.03843727514358601,7.049999999999894
0.03832985810926533,7.059999999999894
0.03821860817523495,7.069999999999894
0.03810353646512164,7.0799999999998935
0.037984654484756526,7.089999999999893
0.03786197412102385,7.099999999999893
0.0377355076406716,7.109999999999893
0.03760526768908417,7.119999999999893
0.03747126728901719,7.129999999999892
0.037333519839294595,7.139999999999892
0.037192039113468134,7.149999999999892
0.03704683925843945,7.159999999999892
0.03689793479304474,7.169999999999892
0.036745340606602374,7.179999999999891
0.03658907195742334,7.189999999999891
0.036429144471284924,7.199999999999891
0.03626557413986757,7.209999999999891
0.0360983773191552,7.2199999999998905
0.03592757072779912,7.22999999999989
0.03575317144544567,7.23999999999989
0.03557519691102774,7.24999999999989
0.03539366492102049,7.25999999999989
0.035208593627661156,7.269999999999889
0.035020001537133444,7.279999999999889
0.03482790750771645,7.289999999999889
0.034632330747898434,7.299999999999889
0.03443329081445552,7.309999999999889
0.034230807610495656,7.319999999999888
0.03402490138346789,7.329999999999888
0.03381559272313726,7.339999999999888
0.03360290255952543,7.349999999999888
0.03338685216081733,7.3599999999998875
0.03316746313123401,7.369999999999887
0.032944757408871816,7.379999999999887
0.0327187572635083,7.389999999999887
0.0324894852943749,7.399999999999887
0.03225696442789668,7.4099999999998865
0.03202121791539941,7.419999999999886
0.03178226933078409,7.429999999999886
0.031540142568169324,7.439999999999886
0.03129486183950156,7.449999999999886
0.03104645167213364,7.459999999999885
0.030794936906371813,7.469999999999885
0.03054034269299142,7.479999999999885
0.030282694490721556,7.489999999999885
0.03002201806369896,7.4999999999998845
0.02975833947889134,7.509999999999884
0.02949168510349046,7.519999999999884
0.02922208160227516,7.529999999999884
0.028949555934944693,7.539999999999884
0.0286741353534225,7.5499999999998835
0.028395847399130817,7.559999999999883
0.028114719900236333,7.569999999999883
0.027830780968867163,7.579999999999883
0.02754405899830144,7.589999999999883
0.02725458266012781,7.599999999999882
0.02696238090137805,7.609999999999882
0.026667482941632233,7.619999999999882
0.026369918270096562,7.629999999999882
0.026069716642654294,7.6399999999998816
0.025766908078889973,7.649999999999881
0.025461522859087326,7.659999999999881
0.025153591521201068,7.669999999999881
0.02484314485780296,7.679999999999881
0.0245302139130024,7.6899999999998805
0.024214829979341875,7.69999999999988
0.023897024594667554,7.70999999999988
0.023576829538975386,7.71999999999988
0.023254276831232962,7.72999999999988
0.02292939872617749,7.739999999999879
0.0226022277110902,7.749999999999879
0.022272796502547498,7.759999999999879
0.02194113804314919,7.769999999999879
0.021607285498224108,7.779999999999879
0.02127127225251347,7.789999999999878
0.0209331319068323,7.799999999999878
0.020592898274709254,7.809999999999878
0.020250605379005148,7.819999999999878
0.019906287448510602,7.8299999999998775
0.019559978914523043,7.839999999999877
0.019211714407403498,7.849999999999877
0.018861528753113477,7.859999999999877
0.01850945696973228,7.869999999999877
0.01815553426395512,7.879999999999876
0.01779979602757237,7.889999999999876
0.017442277833930306,7.899999999999876
0.0170830154343737,7.909999999999876
0.016722044754670623,7.919999999999876
0.01635940189141979,7.929999999999875
0.015995123108440843,7.939999999999875
0.015629244833147902,7.949999999999875
0.01526180365290676,7.959999999999875
0.014892836311376096,7.9699999999998745
0.014522379704833046,7.979999999999874
0.014150470878483524,7.989999999999874
0.013777147022757648,7.999999999999874
0.013402445469590652,8.009999999999874
0.013026403688689637,8.019999999999873
0.012649059283786564,8.029999999999873
0.01227044998887783,8.039999999999873
0.01189061366445082,8.049999999999873
0.011509588293697838,8.059999999999873
0.01112741197871773,8.069999999999872
0.010744122936705649,8.079999999999872
0.01035975949613129,8.089999999999872
0.009974360092906023,8.099999999999872
0.009587963266539259,8.109999999999872
0.009200607656284481,8.119999999999871
0.008812331997275272,8.129999999999871
0.008423175116651789,8.139999999999871
0.008033175929678022,8.14999999999987
0.007642373435850241,8.15999999999987
0.00725080671499702,8.16999999999987
0.00685851492337124,8.17999999999987
0.006465537289734438,8.18999999999987
0.006071913111433917,8.19999999999987
0.005677681750472989,8.20999999999987
0.00528288262957476,8.21999999999987
0.004887555228239848,8.229999999999869
0.0044917390787984094,8.239999999999869
0.0040954737624569,8.249999999999869
0.0036987989053399424,8.259999999999868
0.0033017541745276988,8.269999999999868
0.0029043792740891597,8.279999999999868
0.002506713941111724,8.289999999999868
0.0021087979417274846,8.299999999999867
0.001710671067136608,8.309999999999867
0.00131237312962821,8.319999999999867
0.0009139439585991206,8.329999999999867
0.0005154233965709426,8.339999999999867
0.00011685129520579504,8.349999999999866
-0.0002817324886788542,8.359999999999866
-0.0006802880970958712,8.369999999999866
-0.0010787756748742554,8.379999999999866
-0.0014771553736446555,8.389999999999866
-0.0018753873558242054,8.399999999999865
-0.0022734317986002816,8.409999999999865
-0.0026712488979127795,8.419999999999865
-0.0030687988724345176,8.429999999999865
-0.003466041967549366,8.439999999999864
-0.003862938459327703,8.449999999999864
-0.004259448658498801,8.459999999999864
-0.004655532914419752,8.469999999999864
-0.005051151619040519,8.479999999999864
-0.0054462652108647385,8.489999999999863
-0.005840834178905863,8.499999999999863
-0.006234819066638247,8.509999999999863
-0.006628180475942793,8.519999999999863
-0.007020879071046753,8.529999999999863
-0.0074128755824573,8.539999999999862
-0.00780413081088846,8.549999999999862
-0.008194605631181037,8.559999999999862
-0.00858426099621511,8.569999999999862
-0.008973057940814742,8.579999999999862
-0.009360957585644477,8.589999999999861
-0.009747921141097267,8.599999999999861
-0.010133909911173416,8.60999999999986
-0.01051888529735017,8.61999999999986
-0.01090280880244155,8.62999999999986
-0.011285642034448066,8.63999999999986
-0.011667346710395892,8.64999999999986
-0.012047884660165155,8.65999999999986
-0.012427217830306933,8.66999999999986
-0.012805308287848578,8.67999999999986
-0.013182118224087002,8.68999999999986
-0.013557609958369535,8.699999999999859
-0.013931745941861967,8.709999999999859
-0.014304488761303418,8.719999999999859
-0.014675801142747651,8.729999999999858
-0.015045645955290446,8.739999999999858
-0.01541398621478267,8.749999999999858
-0.01578078508752868,8.759999999999858
-0.01614600589396968,8.769999999999857
-0.016509612112351642,8.779999999999857
-0.016871567382377488,8.789999999999857
-0.017231835508843073,8.799999999999857
-0.017590380465256718,8.809999999999857
-0.01794716639744181,8.819999999999856
-0.018302157627122225,8.829999999999856
-0.01865531865549013,8.839999999999856
-0.019006614166755843,8.849999999999856
-0.019356009031679396,8.859999999999856
-0.019703468311083435,8.869999999999855
-0.020048957259347116,8.879999999999855
-0.020392441327880664,8.889999999999855
-0.020733886168580205,8.899999999999855
-0.021073257637262546,8.909999999999854
-0.021410521797079585,8.919999999999854
-0.021745644921911982,8.929999999999854
-0.022078593499741735,8.939999999999854
-0.022409334236003386,8.949999999999854
-0.02273783405691343,8.959999999999853
-0.023064060112777698,8.969999999999853
-0.02338797978127629,8.979999999999853
-0.023709560670725795,8.989999999999853
-0.024028770623318457,8.999999999999853
-0.024345577718337893,9.009999999999852
-0.024659950275351193,9.019999999999852
-0.024971856857376913,9.029999999999852
-0.02528126627402877,9.039999999999852
-0.025588147584634645,9.049999999999851
-0.025892470101330656,9.059999999999851
-0.026194203392129897,9.069999999999851
-0.02649331728396564,9.07999999999985
-0.02678978186570861,9.08999999999985
-0.027083567491158086,9.09999999999985
-0.027374644782006494,9.10999999999985
-0.02766298463077723,9.11999999999985
-0.027948558203735378,9.12999999999985
-0.028231336943771074,9.13999999999985
-0.0285112925732552,9.14999999999985
-0.028788397096867115,9.15999999999985
-0.029062622804394173,9.169999999999849
-0.029333942273502743,9.179999999999849
-0.02960232837248041,9.189999999999849
-0.029867754262949117,9.199999999999848
-0.030130193402549015,9.209999999999848
-0.030389619547592655,9.219999999999848
-0.030646006755689348,9.229999999999848
-0.0308993293883394,9.239999999999847
-0.031149562113497915,9.249999999999847
-0.03139667990810801,9.259999999999847
-0.03164065806060309,9.269999999999847
-0.031881472173378,9.279999999999847
-0.03211909816522876,9.289999999999846
-0.03235351227376066,9.299999999999846
-0.032584691057764494,9.309999999999846
-0.032812611399560675,9.319999999999846
-0.03303725050731097,9.329999999999846
-0.033258585917297676,9.339999999999845
-0.03347659549616998,9.349999999999845
-0.033691257443157256,9.359999999999845
-0.03390255029224917,9.369999999999845
-0.034110452914342226,9.379999999999844
-0.03431494451935267,9.389999999999844
-0.03451600465829552,9.399999999999844
-0.03471361322532939,9.409999999999844
-0.03490775045976711,9.419999999999844
-0.035098396948051745,9.429999999999843
-0.03528553362569798,9.439999999999843
-0.035469141779198514,9.449999999999843
-0.03564920304789542,9.459999999999843
-0.03582569942581619,9.469999999999843
-0.03599861326347431,9.479999999999842
-0.03616792726963423,9.489999999999842
-0.03633362451304043,9.499999999999842
-0.03649568842411058,9.509999999999842
-0.036654102796592446,9.519999999999841
-0.03680885178918453,9.529999999999841
-0.03695991992712017,9.539999999999841
-0.037107292103715044,9.54999999999984
-0.03725095358187776,9.55999999999984
-0.03739088999558362,9.56999999999984
-0.03752708735131119,9.57999999999984
-0.037659532029441625,9.58999999999984
-0.03778821078562066,9.59999999999984
-0.03791311075208299,9.60999999999984
-0.038034219438939074,9.61999999999984
-0.03815152473542409,9.62999999999984
-0.038265014911109015,9.639999999999839
-0.038374678617073665,9.649999999999839
-0.03848050488704158,9.659999999999838
-0.03858248313847661,9.669999999999838
-0.03868060317364122,9.679999999999838
-0.03877485518061621,9.689999999999838
-0.03886522973428193,9.699999999999838
-0.03895171779726074,9.709999999999837
-0.03903431072082081,9.719999999999837
-0.03911300024574092,9.729999999999837
-0.03918777850313642,9.739999999999837
-0.03925863801524611,9.749999999999837
-0.03932557169617998,9.759999999999836
-0.03938857285262782,9.769999999999836
-0.039447635184528554,9.779999999999836
-0.03950275278570022,9.789999999999836
-0.039553920144430606,9.799999999999836
-0.039601132144028384,9.809999999999835
-0.03964438406333482,9.819999999999835
-0.03968367157719586,9.829999999999835
-0.039718990756894626,9.839999999999835
-0.03975033807054434,9.849999999999834
-0.03977771038344145,9.859999999999834
-0.03980110495837916,9.869999999999834
-0.03982051945592108,9.879999999999834
-0.039835951934635225,9.889999999999834
-0.03984740085128813,9.899999999999833
-0.03985486506099918,9.909999999999833
-0.03985834381735512,9.919999999999833
-0.03985783677248463,9.929999999999833
-0.0398533439770932,9.939999999999833
-0.03984486588045799,9.949999999999832
-0.039832403330382946,9.959999999999832
-0.03981595757311399,9.969999999999832
-0.03979553025321445,9.979999999999832
-0.03977112341340053,9.989999999999831
-0.03974273949433708,9.999999999999831
-0.03971038133439356,10.009999999999831
-0.039674052169360145,10.01999999999983
-0.03963375563212422,10.02999999999983
-0.03958949575230704,10.03999999999983
-0.03954127695586077,10.04999999999983
-0.039489104064625954,10.05999999999983
-0.03943298229584925,10.06999999999983
-0.03937291726166179,10.07999999999983
-0.03930891496851791,10.08999999999983
-0.039240981816594564,10.09999999999983
-0.03916912459915127,10.109999999999829
-0.0390933505018508,10.119999999999829
-0.03901366710204064,10.129999999999828
-0.03893008236799526,10.139999999999828
-0.03884260465811924,10.149999999999828
-0.03875124272011152,10.159999999999828
-0.03865600569009057,10.169999999999828
-0.03855690309168083,10.179999999999827
-0.03845394483506033,10.189999999999827
-0.03834714121596969,10.199999999999827
-0.038236502914682564,10.209999999999827
-0.03812204099493761,10.219999999999827
-0.0380037669028321,10.229999999999826
-0.037881692465677394,10.239999999999826
-0.03775582989081614,10.249999999999826
-0.03762619176440161,10.259999999999826
-0.03749279105013904,10.269999999999825
-0.037355641087989326,10.279999999999825
-0.037214755592835,10.289999999999825
-0.03707014865310878,10.299999999999825
-0.036921834729384706,10.309999999999825
-0.03676982865293213,10.319999999999824
-0.036614145624232576,10.329999999999824
-0.036454801211459734,10.339999999999824
-0.03629181134892262,10.349999999999824
-0.03612519233547218,10.359999999999824
-0.03595496083287141,10.369999999999823
-0.03578113386412922,10.379999999999823
-0.035603728811798095,10.389999999999823
-0.03542276341623591,10.399999999999823
-0.03523825577383188,10.409999999999823
-0.03505022433519693,10.419999999999822
-0.034858687903318676,10.429999999999822
-0.03466366563168113,10.439999999999822
-0.03446517702234934,10.449999999999822
-0.03426324192401925,10.459999999999821
-0.034057880530032815,10.469999999999821
-0.03384911337635868,10.479999999999821
-0.033636961339538626,10.48999999999982
-0.033421445634599915,10.49999999999982
-0.0332025878129338,10.50999999999982
-0.03298040976014043,10.51999999999982
-0.03275493369384028,10.52999999999982
-0.032526182161452415,10.53999999999982
-0.03229417803793978,10.54999999999982
-0.032058944523521725,10.55999999999982
-0.03182050514135396,10.569999999999819
-0.031578883735176325,10.579999999999819
-0.03133410446692838,10.589999999999819
-0.03108619181433326,10.599999999999818
-0.030835170568449918,10.609999999999818
-0.030581065831194035,10.619999999999818
-0.03032390301282786,10.629999999999818
-0.03006370782941919,10.639999999999818
-0.029800506300269803,10.649999999999817
-0.029534324745313527,10.659999999999817
-0.029265189782484293,10.669999999999817
-0.028993128325054345,10.679999999999817
-0.028718167578942945,10.689999999999817
-0.028440335039995802,10.699999999999816
-0.028159658491235508,10.709999999999816
-0.027876166000083264,10.719999999999816
-0.02758988591555216,10.729999999999816
-0.02730084686541229,10.739999999999815
-0.02700907775332801,10.749999999999815
-0.026714607755967585,10.759999999999815
-0.026417466320085556,10.769999999999815
-0.02611768315957809,10.779999999999815
-0.025815288252511597,10.789999999999814
-0.025510311838124976,10.799999999999814
-0.025202784413805697,10.809999999999814
-0.024892736732040087,10.819999999999814
-0.024580199797338127,10.829999999999814
-0.024265204863133005,10.839999999999813
-0.02394778342865581,10.849999999999813
-0.023627967235785623,10.859999999999813
-0.023305788265875375,10.869999999999813
-0.02298127873655373,10.879999999999812
-0.022654471098503336,10.889999999999812
-0.022325398032215806,10.899999999999812
-0.02199409244472368,10.909999999999812
-0.021660587466309767,10.919999999999812
-0.02132491644719411,10.929999999999811
-0.020987112954199034,10.939999999999811
-0.020647210767392458,10.949999999999811
-0.020305243876709934,10.95999999999981
-0.019961246478555687,10.96999999999981
-0.019615252972382986,10.97999999999981
-0.019267297957254237,10.98999999999981
-0.018917416228381098,10.99999999999981
-0.018565642773645002,11.00999999999981
-0.01821201277009839,11.01999999999981
-0.017856561580447034,11.02999999999981
-0.017499324749513784,11.039999999999809
-0.017140338000684145,11.049999999999809
-0.01677963723233394,11.059999999999809
-0.01641725851423952,11.069999999999808
-0.016053238083970803,11.079999999999808
-0.01568761234326756,11.089999999999808
-0.015320417854399259,11.099999999999808
-0.014951691336508883,11.109999999999808
-0.014581469661941033,11.119999999999807
-0.014209789852554734,11.129999999999807
-0.013836689076021272,11.139999999999807
-0.013462204642107463,11.149999999999807
-0.013086373998944707,11.159999999999807
-0.0127092347292842,11.169999999999806
-0.012330824546738707,11.179999999999806
-0.011951181292011209,11.189999999999806
-0.011570342929110883,11.199999999999806
-0.011188347541556723,11.209999999999805
-0.010805233328569221,11.219999999999805
-0.010421038601250482,11.229999999999805
-0.01003580177875314,11.239999999999805
-0.009649561384438477,11.249999999999805
-0.00926235604202412,11.259999999999804
-0.0088742244717217,11.269999999999804
-0.008485205486364862,11.279999999999804
-0.008095337987528017,11.289999999999804
-0.007704660961636216,11.299999999999804
-0.007313213476066539,11.309999999999803
-0.006921034675241392,11.319999999999803
-0.006528163776714092,11.329999999999803
-0.0061346400672471525,11.339999999999803
-0.005740502898883634,11.349999999999802
-0.005345791685011973,11.359999999999802
-0.00495054589642468,11.369999999999802
-0.004554805057371288,11.379999999999802
-0.0041586087416059635,11.389999999999802
-0.0037619965684301654,11.399999999999801
-0.0033650081987307437,11.409999999999801
-0.0029676833310138886,11.419999999999801
-0.0025700616974353085,11.4299999999998
-0.0021721830598270503,11.4399999999998
-0.00177408720572135,11.4499999999998
-0.0013758139443719101,11.4599999999998
-0.0009774031027730095,11.4699999999998
-0.0005788945216768358,11.4799999999998
-0.00018032805160944453,11.4899999999998
0.00021825645111426086,11.4999999999998
0.0006168191283761271,11.509999999999799
0.0010153201242405299,11.519999999999799
0.0014137195889399336,11.529999999999799
0.0018119776828598357,11.539999999999798
0.002210054580522694,11.549999999999798
0.002607910474570442,11.559999999999798
0.0030055055797451923,11.569999999999798
0.0034028001368677264,11.579999999999798
0.003799754416813382,11.589999999999797
0.004196328724484931,11.599999999999797
0.004592483402782059,11.609999999999797
0.004988178836567036,11.619999999999797
0.005383375456626207,11.629999999999797
0.005778033743626867,11.639999999999796
0.006172114232069175,11.649999999999796
0.006565577514232661,11.659999999999796
0.006958384244116973,11.669999999999796
0.007350495141376436,11.679999999999795
0.007741870995248061,11.689999999999795
0.008132472668472585,11.699999999999795
0.008522261101208163,11.709999999999795
0.008911197314936328,11.719999999999795
0.009299242416359795,11.729999999999794
0.009686357601291775,11.739999999999794
0.010072504158536352,11.749999999999794
0.010457643473759569,11.759999999999794
0.010841737033350831,11.769999999999794
0.011224746428274241,11.779999999999793
0.011606633357909464,11.789999999999793
0.011987359633881756,11.799999999999793
0.012366887183880775,11.809999999999793
0.012745178055467777,11.819999999999792
0.01312219441987083,11.829999999999792
0.013497898575767655,11.839999999999792
0.013872252953055735,11.849999999999792
0.014245220116609286,11.859999999999792
0.014616762770022744,11.869999999999791
0.014986843759340373,11.879999999999791
0.015355426076771627,11.889999999999791
0.0157224728643919,11.89999999999979
0.016087947417828288,11.90999999999979
0.016451813189929998,11.91999999999979
0.016814033794423023,11.92999999999979
0.017174573009548756,11.93999999999979
0.01753339478168612,11.94999999999979
0.0178904632289569,11.95999999999979
0.018245742644813927,11.96999999999979
0.018599197501611663,11.979999999999789
0.01895079245415896,11.989999999999789
0.01930049234325355,11.999999999999789
0.01964826219919793,12.009999999999788
